block,station,date_time,species
LGNPS,LGNP012,9/5/21 1:00,fox
LGNPS,LGNP012,9/5/21 1:00,fox
LGNPS,LGNP012,9/5/21 1:00,fox
LGNPS,LGNP012,9/5/21 1:00,fox
LGNPS,LGNP012,9/5/21 1:00,fox
LGNPS,LGNP016,10/5/21 0:45,fox
LGNPS,LGNP016,10/5/21 0:45,fox
LGNPS,LGNP016,10/5/21 0:45,fox
LGNPS,LGNP016,10/5/21 0:45,fox
LGNPS,LGNP016,10/5/21 0:45,fox
LGNPS,LGNP016,10/5/21 0:45,fox
LGNPS,LGNP016,10/5/21 0:45,fox
LGNPS,LGNP016,10/5/21 0:45,fox
LGNPS,LGNP016,10/5/21 0:45,fox
LGNPS,LGNP016,10/5/21 0:45,fox
LGNPS,LGNP018,30/3/21 7:20,fox
LGNPS,LGNP018,30/3/21 7:20,fox
LGNPS,LGNP018,30/3/21 7:20,fox
LGNPS,LGNP018,30/3/21 7:20,fox
LGNPS,LGNP018,30/3/21 7:20,fox
LGNPS,LGNP023,31/3/21 22:04,fox
LGNPS,LGNP023,31/3/21 22:04,fox
LGNPS,LGNP023,31/3/21 22:04,fox
LGNPS,LGNP023,31/3/21 22:04,fox
LGNPS,LGNP023,31/3/21 22:04,fox
LGNPS,LGNP031,8/5/21 22:27,fox
LGNPS,LGNP031,8/5/21 22:27,fox
LGNPS,LGNP031,8/5/21 22:27,fox
LGNPS,LGNP031,8/5/21 22:27,fox
LGNPS,LGNP031,8/5/21 22:27,fox
LGNPS,LGNP035,1/4/21 9:58,fox
LGNPS,LGNP035,1/4/21 9:58,fox
LGNPS,LGNP035,1/4/21 9:58,fox
LGNPS,LGNP035,1/4/21 9:58,fox
LGNPS,LGNP035,1/4/21 9:58,fox
LGNPS,LGNP035,1/4/21 9:59,fox
LGNPS,LGNP035,1/4/21 9:59,fox
LGNPS,LGNP035,1/4/21 9:59,fox
LGNPS,LGNP035,1/4/21 9:59,fox
LGNPS,LGNP035,1/4/21 9:59,fox
LGNPS,LGNP035,1/4/21 9:59,fox
LGNPS,LGNP035,1/4/21 9:59,fox
LGNPS,LGNP035,1/4/21 9:59,fox
LGNPS,LGNP035,1/4/21 9:59,fox
LGNPS,LGNP035,1/4/21 9:59,fox
LGNPS,LGNP037,7/4/21 6:12,fox
LGNPS,LGNP037,7/4/21 6:12,fox
LGNPS,LGNP037,7/4/21 6:12,fox
LGNPS,LGNP037,7/4/21 6:12,fox
LGNPS,LGNP037,7/4/21 6:12,fox
LGNPS,LGNP039,8/5/21 9:21,fox
LGNPS,LGNP039,8/5/21 9:21,fox
LGNPS,LGNP039,8/5/21 9:21,fox
LGNPS,LGNP039,8/5/21 9:21,fox
LGNPS,LGNP039,8/5/21 9:21,fox
LGNPS,LGNP052,6/5/21 20:04,fox
LGNPS,LGNP052,6/5/21 20:04,fox
LGNPS,LGNP052,6/5/21 20:04,fox
LGNPS,LGNP052,6/5/21 20:04,fox
LGNPS,LGNP052,6/5/21 20:04,fox
LGNPS,LGNP059,31/3/21 19:26,fox
LGNPS,LGNP059,31/3/21 19:26,fox
LGNPS,LGNP059,31/3/21 19:26,fox
LGNPS,LGNP059,31/3/21 19:26,fox
LGNPS,LGNP059,31/3/21 19:26,fox
LGNPS,LGNP061,5/4/21 4:06,fox
LGNPS,LGNP061,5/4/21 4:06,fox
LGNPS,LGNP061,5/4/21 4:06,fox
LGNPS,LGNP061,5/4/21 4:06,fox
LGNPS,LGNP061,5/4/21 4:06,fox
LGNPN,LGNP065,14/4/21 20:31,fox
LGNPN,LGNP065,14/4/21 20:32,fox
LGNPN,LGNP065,14/4/21 20:32,fox
LGNPN,LGNP065,14/4/21 20:32,fox
LGNPN,LGNP065,14/4/21 20:32,fox
LGNPN,LGNP065,10/5/21 5:59,fox
LGNPN,LGNP065,10/5/21 5:59,fox
LGNPN,LGNP065,10/5/21 5:59,fox
LGNPN,LGNP065,10/5/21 5:59,fox
LGNPN,LGNP065,10/5/21 5:59,fox
LGNPN,LGNP066,12/4/21 18:45,fox
LGNPN,LGNP066,12/4/21 18:45,fox
LGNPN,LGNP066,12/4/21 18:45,fox
LGNPN,LGNP066,12/4/21 18:45,fox
LGNPN,LGNP066,12/4/21 18:45,fox
LGNPN,LGNP066,18/4/21 6:45,fox
LGNPN,LGNP066,18/4/21 6:45,fox
LGNPN,LGNP066,18/4/21 6:45,fox
LGNPN,LGNP066,18/4/21 6:45,fox
LGNPN,LGNP066,18/4/21 6:45,fox
LGNPN,LGNP067,2/4/21 9:46,fox
LGNPN,LGNP067,2/4/21 9:46,fox
LGNPN,LGNP067,2/4/21 9:46,fox
LGNPN,LGNP067,2/4/21 9:46,fox
LGNPN,LGNP067,2/4/21 9:46,fox
LGNPN,LGNP067,2/4/21 9:47,fox
LGNPN,LGNP067,2/4/21 9:47,fox
LGNPN,LGNP067,2/4/21 9:48,fox
LGNPN,LGNP067,2/4/21 9:48,fox
LGNPN,LGNP067,2/4/21 9:48,fox
LGNPN,LGNP067,4/4/21 3:04,fox
LGNPN,LGNP067,4/4/21 3:04,fox
LGNPN,LGNP067,4/4/21 3:04,fox
LGNPN,LGNP067,4/4/21 3:04,fox
LGNPN,LGNP067,4/4/21 3:04,fox
LGNPN,LGNP067,4/4/21 3:04,fox
LGNPN,LGNP067,4/4/21 3:04,fox
LGNPN,LGNP067,4/4/21 3:04,fox
LGNPN,LGNP067,4/4/21 3:04,fox
LGNPN,LGNP067,4/4/21 3:04,fox
LGNPN,LGNP067,4/4/21 3:04,fox
LGNPN,LGNP067,4/4/21 3:04,fox
LGNPN,LGNP067,4/4/21 3:04,fox
LGNPN,LGNP067,4/4/21 3:04,fox
LGNPN,LGNP067,4/4/21 3:04,fox
LGNPN,LGNP067,4/4/21 3:04,fox
LGNPN,LGNP067,4/4/21 3:04,fox
LGNPN,LGNP067,4/4/21 3:04,fox
LGNPN,LGNP067,4/4/21 3:05,fox
LGNPN,LGNP067,4/4/21 3:05,fox
LGNPN,LGNP067,4/4/21 3:05,fox
LGNPN,LGNP067,4/4/21 3:05,fox
LGNPN,LGNP067,4/4/21 3:05,fox
LGNPN,LGNP067,4/4/21 3:05,fox
LGNPN,LGNP067,4/4/21 3:05,fox
LGNPN,LGNP067,10/4/21 20:08,fox
LGNPN,LGNP067,10/4/21 20:09,fox
LGNPN,LGNP067,10/4/21 20:09,fox
LGNPN,LGNP067,10/4/21 20:09,fox
LGNPN,LGNP067,10/4/21 20:09,fox
LGNPN,LGNP067,10/4/21 20:53,fox
LGNPN,LGNP067,10/4/21 20:53,fox
LGNPN,LGNP067,10/4/21 20:53,fox
LGNPN,LGNP067,10/4/21 20:53,fox
LGNPN,LGNP067,10/4/21 20:53,fox
LGNPN,LGNP067,10/4/21 20:53,fox
LGNPN,LGNP067,10/4/21 20:53,fox
LGNPN,LGNP067,10/4/21 20:53,fox
LGNPN,LGNP067,10/4/21 20:53,fox
LGNPN,LGNP067,10/4/21 20:54,fox
LGNPN,LGNP067,11/4/21 7:17,fox
LGNPN,LGNP067,11/4/21 7:17,fox
LGNPN,LGNP067,11/4/21 7:17,fox
LGNPN,LGNP067,11/4/21 7:17,fox
LGNPN,LGNP067,11/4/21 7:17,fox
LGNPN,LGNP067,11/4/21 7:17,fox
LGNPN,LGNP067,11/4/21 7:17,fox
LGNPN,LGNP067,11/4/21 7:17,fox
LGNPN,LGNP067,11/4/21 7:17,fox
LGNPN,LGNP067,11/4/21 7:17,fox
LGNPN,LGNP067,11/4/21 23:59,fox
LGNPN,LGNP067,11/4/21 23:59,fox
LGNPN,LGNP067,11/4/21 23:59,fox
LGNPN,LGNP067,11/4/21 23:59,fox
LGNPN,LGNP067,11/4/21 23:59,fox
LGNPN,LGNP067,11/4/21 23:59,fox
LGNPN,LGNP067,11/4/21 23:59,fox
LGNPN,LGNP067,11/4/21 23:59,fox
LGNPN,LGNP067,11/4/21 23:59,fox
LGNPN,LGNP067,11/4/21 23:59,fox
LGNPN,LGNP067,12/4/21 0:00,fox
LGNPN,LGNP067,12/4/21 0:00,fox
LGNPN,LGNP067,12/4/21 0:00,fox
LGNPN,LGNP067,12/4/21 0:00,fox
LGNPN,LGNP067,12/4/21 0:00,fox
LGNPN,LGNP067,12/4/21 0:01,fox
LGNPN,LGNP067,12/4/21 0:01,fox
LGNPN,LGNP067,12/4/21 0:01,fox
LGNPN,LGNP067,12/4/21 0:01,fox
LGNPN,LGNP067,12/4/21 0:01,fox
LGNPN,LGNP067,12/4/21 0:01,fox
LGNPN,LGNP067,12/4/21 0:01,fox
LGNPN,LGNP067,12/4/21 0:01,fox
LGNPN,LGNP067,12/4/21 0:01,fox
LGNPN,LGNP067,12/4/21 0:01,fox
LGNPN,LGNP067,12/4/21 0:01,fox
LGNPN,LGNP067,12/4/21 0:01,fox
LGNPN,LGNP067,12/4/21 0:01,fox
LGNPN,LGNP067,12/4/21 0:01,fox
LGNPN,LGNP067,12/4/21 0:01,fox
LGNPN,LGNP067,12/4/21 0:02,fox
LGNPN,LGNP067,12/4/21 0:02,fox
LGNPN,LGNP067,12/4/21 0:02,fox
LGNPN,LGNP067,12/4/21 0:02,fox
LGNPN,LGNP067,12/4/21 0:02,fox
LGNPN,LGNP067,1/5/21 6:34,fox
LGNPN,LGNP067,1/5/21 6:34,fox
LGNPN,LGNP067,1/5/21 6:34,fox
LGNPN,LGNP067,1/5/21 6:34,fox
LGNPN,LGNP067,1/5/21 6:34,fox
LGNPN,LGNP070,2/4/21 7:46,fox
LGNPN,LGNP070,2/4/21 7:46,fox
LGNPN,LGNP070,2/4/21 7:46,fox
LGNPN,LGNP070,2/4/21 7:46,fox
LGNPN,LGNP070,2/4/21 7:46,fox
LGNPN,LGNP070,11/4/21 6:43,fox
LGNPN,LGNP070,11/4/21 6:43,fox
LGNPN,LGNP070,11/4/21 6:43,fox
LGNPN,LGNP070,11/4/21 6:43,fox
LGNPN,LGNP070,11/4/21 6:43,fox
LGNPN,LGNP070,29/4/21 16:19,fox
LGNPN,LGNP070,29/4/21 16:19,fox
LGNPN,LGNP070,29/4/21 16:19,fox
LGNPN,LGNP070,29/4/21 16:19,fox
LGNPN,LGNP070,29/4/21 16:19,fox
LGNPN,LGNP070,30/4/21 4:52,fox
LGNPN,LGNP070,30/4/21 4:52,fox
LGNPN,LGNP070,30/4/21 4:52,fox
LGNPN,LGNP070,30/4/21 4:52,fox
LGNPN,LGNP070,30/4/21 4:52,fox
LGNPN,LGNP070,11/5/21 8:08,fox
LGNPN,LGNP070,11/5/21 8:08,fox
LGNPN,LGNP070,11/5/21 8:08,fox
LGNPN,LGNP070,11/5/21 8:08,fox
LGNPN,LGNP070,11/5/21 8:08,fox
LGNPN,LGNP070,11/5/21 8:20,fox
LGNPN,LGNP070,11/5/21 8:20,fox
LGNPN,LGNP070,11/5/21 8:20,fox
LGNPN,LGNP070,11/5/21 8:20,fox
LGNPN,LGNP070,11/5/21 8:20,fox
LGNPN,LGNP070,11/5/21 8:20,fox
LGNPN,LGNP070,11/5/21 8:20,fox
LGNPN,LGNP070,11/5/21 8:20,fox
LGNPN,LGNP070,11/5/21 8:20,fox
LGNPN,LGNP070,11/5/21 8:20,fox
LGNPN,LGNP070,11/5/21 8:20,fox
LGNPN,LGNP070,11/5/21 8:20,fox
LGNPN,LGNP070,11/5/21 8:20,fox
LGNPN,LGNP070,11/5/21 8:20,fox
LGNPN,LGNP070,11/5/21 8:20,fox
LGNPN,LGNP070,11/5/21 8:20,fox
LGNPN,LGNP070,11/5/21 8:20,fox
LGNPN,LGNP070,11/5/21 8:20,fox
LGNPN,LGNP070,11/5/21 8:20,fox
LGNPN,LGNP070,11/5/21 8:20,fox
LGNPN,LGNP072,10/4/21 1:44,fox
LGNPN,LGNP072,10/4/21 1:44,fox
LGNPN,LGNP072,10/4/21 1:44,fox
LGNPN,LGNP072,10/4/21 1:44,fox
LGNPN,LGNP072,10/4/21 1:44,fox
LGNPN,LGNP073,18/4/21 7:51,fox
LGNPN,LGNP073,18/4/21 7:51,fox
LGNPN,LGNP073,18/4/21 7:51,fox
LGNPN,LGNP073,18/4/21 7:51,fox
LGNPN,LGNP073,18/4/21 7:51,fox
LGNPN,LGNP073,18/4/21 7:51,fox
LGNPN,LGNP073,18/4/21 7:51,fox
LGNPN,LGNP073,18/4/21 7:51,fox
LGNPN,LGNP073,18/4/21 7:51,fox
LGNPN,LGNP073,18/4/21 7:51,fox
LGNPN,LGNP073,18/4/21 7:51,fox
LGNPN,LGNP073,18/4/21 7:51,fox
LGNPN,LGNP073,18/4/21 7:51,fox
LGNPN,LGNP073,18/4/21 7:51,fox
LGNPN,LGNP073,18/4/21 7:51,fox
LGNPN,LGNP073,18/4/21 7:51,fox
LGNPN,LGNP073,18/4/21 7:52,fox
LGNPN,LGNP073,18/4/21 7:52,fox
LGNPN,LGNP073,18/4/21 7:52,fox
LGNPN,LGNP073,18/4/21 7:52,fox
LGNPN,LGNP073,21/4/21 7:49,fox
LGNPN,LGNP073,21/4/21 7:49,fox
LGNPN,LGNP073,21/4/21 7:49,fox
LGNPN,LGNP073,21/4/21 7:49,fox
LGNPN,LGNP073,21/4/21 7:49,fox
LGNPN,LGNP073,21/4/21 7:49,fox
LGNPN,LGNP073,21/4/21 7:49,fox
LGNPN,LGNP073,21/4/21 7:49,fox
LGNPN,LGNP073,21/4/21 7:49,fox
LGNPN,LGNP073,21/4/21 7:49,fox
LGNPN,LGNP073,7/5/21 7:58,fox
LGNPN,LGNP073,7/5/21 7:58,fox
LGNPN,LGNP073,7/5/21 7:58,fox
LGNPN,LGNP073,7/5/21 7:58,fox
LGNPN,LGNP073,7/5/21 7:59,fox
LGNPN,LGNP074,4/4/21 19:15,fox
LGNPN,LGNP074,4/4/21 19:15,fox
LGNPN,LGNP074,4/4/21 19:15,fox
LGNPN,LGNP074,4/4/21 19:15,fox
LGNPN,LGNP074,4/4/21 19:15,fox
LGNPN,LGNP074,4/4/21 19:16,fox
LGNPN,LGNP074,4/4/21 19:16,fox
LGNPN,LGNP074,4/4/21 19:16,fox
LGNPN,LGNP074,4/4/21 19:16,fox
LGNPN,LGNP074,4/4/21 19:16,fox
LGNPN,LGNP074,4/4/21 19:16,fox
LGNPN,LGNP074,4/4/21 19:16,fox
LGNPN,LGNP074,4/4/21 19:16,fox
LGNPN,LGNP074,4/4/21 19:16,fox
LGNPN,LGNP074,4/4/21 19:16,fox
LGNPN,LGNP074,4/4/21 19:17,fox
LGNPN,LGNP074,4/4/21 19:17,fox
LGNPN,LGNP074,4/4/21 19:17,fox
LGNPN,LGNP074,4/4/21 19:17,fox
LGNPN,LGNP074,4/4/21 19:17,fox
LGNPN,LGNP074,4/4/21 19:17,fox
LGNPN,LGNP074,4/4/21 19:17,fox
LGNPN,LGNP074,4/4/21 19:17,fox
LGNPN,LGNP074,4/4/21 19:17,fox
LGNPN,LGNP074,4/4/21 19:17,fox
LGNPN,LGNP074,4/4/21 19:17,fox
LGNPN,LGNP074,4/4/21 19:17,fox
LGNPN,LGNP074,4/4/21 19:17,fox
LGNPN,LGNP074,4/4/21 19:17,fox
LGNPN,LGNP074,4/4/21 19:17,fox
LGNPN,LGNP074,4/4/21 19:18,fox
LGNPN,LGNP074,4/4/21 19:18,fox
LGNPN,LGNP074,4/4/21 19:18,fox
LGNPN,LGNP074,4/4/21 19:18,fox
LGNPN,LGNP074,4/4/21 19:18,fox
LGNPN,LGNP074,4/4/21 19:18,fox
LGNPN,LGNP074,4/4/21 19:18,fox
LGNPN,LGNP074,4/4/21 19:18,fox
LGNPN,LGNP074,4/4/21 19:18,fox
LGNPN,LGNP074,4/4/21 19:18,fox
LGNPN,LGNP074,4/4/21 19:18,fox
LGNPN,LGNP074,4/4/21 19:18,fox
LGNPN,LGNP074,4/4/21 19:18,fox
LGNPN,LGNP074,4/4/21 19:18,fox
LGNPN,LGNP074,4/4/21 19:18,fox
LGNPN,LGNP074,4/4/21 19:18,fox
LGNPN,LGNP074,4/4/21 19:18,fox
LGNPN,LGNP074,4/4/21 19:18,fox
LGNPN,LGNP074,4/4/21 19:18,fox
LGNPN,LGNP074,4/4/21 19:18,fox
LGNPN,LGNP074,4/4/21 19:18,fox
LGNPN,LGNP074,4/4/21 19:18,fox
LGNPN,LGNP074,4/4/21 19:18,fox
LGNPN,LGNP074,4/4/21 19:18,fox
LGNPN,LGNP074,4/4/21 19:18,fox
LGNPN,LGNP074,10/4/21 1:36,fox
LGNPN,LGNP074,10/4/21 1:36,fox
LGNPN,LGNP074,10/4/21 1:36,fox
LGNPN,LGNP074,10/4/21 1:36,fox
LGNPN,LGNP074,10/4/21 1:36,fox
LGNPN,LGNP074,10/4/21 1:36,fox
LGNPN,LGNP074,10/4/21 1:36,fox
LGNPN,LGNP074,10/4/21 1:36,fox
LGNPN,LGNP074,10/4/21 1:36,fox
LGNPN,LGNP074,10/4/21 1:36,fox
LGNPN,LGNP074,10/4/21 1:36,fox
LGNPN,LGNP074,10/4/21 1:36,fox
LGNPN,LGNP074,10/4/21 1:36,fox
LGNPN,LGNP074,10/4/21 1:36,fox
LGNPN,LGNP074,10/4/21 1:36,fox
LGNPN,LGNP074,10/4/21 1:36,fox
LGNPN,LGNP074,10/4/21 1:36,fox
LGNPN,LGNP074,10/4/21 1:36,fox
LGNPN,LGNP074,10/4/21 1:36,fox
LGNPN,LGNP074,10/4/21 1:36,fox
LGNPN,LGNP074,10/4/21 1:36,fox
LGNPN,LGNP074,10/4/21 1:36,fox
LGNPN,LGNP074,10/4/21 1:36,fox
LGNPN,LGNP074,10/4/21 1:36,fox
LGNPN,LGNP074,10/4/21 1:36,fox
LGNPN,LGNP074,10/4/21 1:37,fox
LGNPN,LGNP074,10/4/21 1:37,fox
LGNPN,LGNP074,10/4/21 1:37,fox
LGNPN,LGNP074,10/4/21 1:37,fox
LGNPN,LGNP074,10/4/21 1:37,fox
LGNPN,LGNP074,10/4/21 1:37,fox
LGNPN,LGNP074,10/4/21 1:37,fox
LGNPN,LGNP074,10/4/21 1:37,fox
LGNPN,LGNP074,10/4/21 1:37,fox
LGNPN,LGNP074,10/4/21 1:37,fox
LGNPN,LGNP074,10/4/21 1:37,fox
LGNPN,LGNP074,10/4/21 1:37,fox
LGNPN,LGNP074,10/4/21 1:37,fox
LGNPN,LGNP074,10/4/21 1:37,fox
LGNPN,LGNP074,10/4/21 1:37,fox
LGNPN,LGNP074,10/4/21 1:37,fox
LGNPN,LGNP074,10/4/21 1:37,fox
LGNPN,LGNP074,10/4/21 1:37,fox
LGNPN,LGNP074,10/4/21 1:37,fox
LGNPN,LGNP074,10/4/21 1:37,fox
LGNPN,LGNP074,10/4/21 1:37,fox
LGNPN,LGNP074,10/4/21 1:37,fox
LGNPN,LGNP074,10/4/21 1:37,fox
LGNPN,LGNP074,10/4/21 1:37,fox
LGNPN,LGNP074,10/4/21 1:37,fox
LGNPN,LGNP074,10/4/21 1:38,fox
LGNPN,LGNP074,10/4/21 1:38,fox
LGNPN,LGNP074,10/4/21 1:38,fox
LGNPN,LGNP074,10/4/21 1:38,fox
LGNPN,LGNP074,10/4/21 1:38,fox
LGNPN,LGNP074,10/4/21 1:38,fox
LGNPN,LGNP074,10/4/21 1:38,fox
LGNPN,LGNP074,10/4/21 1:38,fox
LGNPN,LGNP074,10/4/21 1:38,fox
LGNPN,LGNP074,10/4/21 1:38,fox
LGNPN,LGNP074,10/4/21 1:38,fox
LGNPN,LGNP074,10/4/21 1:38,fox
LGNPN,LGNP074,10/4/21 1:38,fox
LGNPN,LGNP074,10/4/21 1:38,fox
LGNPN,LGNP074,10/4/21 1:38,fox
LGNPN,LGNP074,10/4/21 1:38,fox
LGNPN,LGNP074,10/4/21 1:38,fox
LGNPN,LGNP074,10/4/21 1:38,fox
LGNPN,LGNP074,10/4/21 1:38,fox
LGNPN,LGNP074,10/4/21 1:38,fox
LGNPN,LGNP074,10/4/21 1:38,fox
LGNPN,LGNP074,10/4/21 1:38,fox
LGNPN,LGNP074,10/4/21 1:38,fox
LGNPN,LGNP074,10/4/21 1:38,fox
LGNPN,LGNP074,10/4/21 1:38,fox
LGNPN,LGNP074,10/4/21 1:38,fox
LGNPN,LGNP074,10/4/21 1:38,fox
LGNPN,LGNP074,10/4/21 1:38,fox
LGNPN,LGNP074,10/4/21 1:38,fox
LGNPN,LGNP074,10/4/21 1:38,fox
LGNPN,LGNP074,10/4/21 1:39,fox
LGNPN,LGNP074,10/4/21 1:39,fox
LGNPN,LGNP074,10/4/21 1:39,fox
LGNPN,LGNP074,10/4/21 1:39,fox
LGNPN,LGNP074,10/4/21 1:39,fox
LGNPN,LGNP074,10/4/21 1:39,fox
LGNPN,LGNP074,10/4/21 1:39,fox
LGNPN,LGNP074,10/4/21 1:39,fox
LGNPN,LGNP074,10/4/21 1:39,fox
LGNPN,LGNP074,10/4/21 1:39,fox
LGNPN,LGNP074,16/4/21 12:12,fox
LGNPN,LGNP074,16/4/21 12:12,fox
LGNPN,LGNP074,16/4/21 12:12,fox
LGNPN,LGNP074,16/4/21 12:12,fox
LGNPN,LGNP074,16/4/21 12:12,fox
LGNPN,LGNP074,16/4/21 12:12,fox
LGNPN,LGNP074,16/4/21 12:12,fox
LGNPN,LGNP074,16/4/21 12:12,fox
LGNPN,LGNP074,16/4/21 12:12,fox
LGNPN,LGNP074,16/4/21 12:12,fox
LGNPN,LGNP074,17/4/21 20:15,fox
LGNPN,LGNP074,17/4/21 20:15,fox
LGNPN,LGNP074,17/4/21 20:15,fox
LGNPN,LGNP074,17/4/21 20:15,fox
LGNPN,LGNP074,17/4/21 20:15,fox
LGNPN,LGNP074,17/4/21 20:15,fox
LGNPN,LGNP074,17/4/21 20:15,fox
LGNPN,LGNP074,17/4/21 20:15,fox
LGNPN,LGNP074,17/4/21 20:15,fox
LGNPN,LGNP074,17/4/21 20:15,fox
LGNPN,LGNP074,17/4/21 20:15,fox
LGNPN,LGNP074,17/4/21 20:15,fox
LGNPN,LGNP074,17/4/21 20:15,fox
LGNPN,LGNP074,17/4/21 20:15,fox
LGNPN,LGNP074,17/4/21 20:15,fox
LGNPN,LGNP074,21/4/21 13:55,fox
LGNPN,LGNP074,21/4/21 13:55,fox
LGNPN,LGNP074,21/4/21 13:55,fox
LGNPN,LGNP074,21/4/21 13:55,fox
LGNPN,LGNP074,21/4/21 13:55,fox
LGNPN,LGNP074,21/4/21 13:55,fox
LGNPN,LGNP074,21/4/21 13:55,fox
LGNPN,LGNP074,21/4/21 13:55,fox
LGNPN,LGNP074,21/4/21 13:55,fox
LGNPN,LGNP074,21/4/21 13:55,fox
LGNPN,LGNP074,21/4/21 13:56,fox
LGNPN,LGNP074,21/4/21 13:56,fox
LGNPN,LGNP074,21/4/21 13:56,fox
LGNPN,LGNP074,21/4/21 13:56,fox
LGNPN,LGNP074,21/4/21 13:56,fox
LGNPN,LGNP074,21/4/21 13:57,fox
LGNPN,LGNP074,21/4/21 13:57,fox
LGNPN,LGNP074,21/4/21 13:57,fox
LGNPN,LGNP074,21/4/21 13:57,fox
LGNPN,LGNP074,21/4/21 13:57,fox
LGNPN,LGNP074,21/4/21 13:57,fox
LGNPN,LGNP074,21/4/21 13:57,fox
LGNPN,LGNP074,21/4/21 13:57,fox
LGNPN,LGNP074,21/4/21 13:57,fox
LGNPN,LGNP074,21/4/21 13:57,fox
LGNPN,LGNP074,21/4/21 14:03,fox
LGNPN,LGNP074,21/4/21 14:03,fox
LGNPN,LGNP074,21/4/21 14:03,fox
LGNPN,LGNP074,21/4/21 14:03,fox
LGNPN,LGNP074,21/4/21 14:03,fox
LGNPN,LGNP074,23/4/21 7:03,fox
LGNPN,LGNP074,23/4/21 7:03,fox
LGNPN,LGNP074,23/4/21 7:03,fox
LGNPN,LGNP074,23/4/21 7:03,fox
LGNPN,LGNP074,23/4/21 7:03,fox
LGNPN,LGNP074,23/4/21 7:03,fox
LGNPN,LGNP074,23/4/21 7:03,fox
LGNPN,LGNP074,23/4/21 7:03,fox
LGNPN,LGNP074,23/4/21 7:04,fox
LGNPN,LGNP074,23/4/21 7:04,fox
LGNPN,LGNP074,23/4/21 7:04,fox
LGNPN,LGNP074,23/4/21 7:04,fox
LGNPN,LGNP074,23/4/21 7:04,fox
LGNPN,LGNP074,23/4/21 7:04,fox
LGNPN,LGNP074,23/4/21 7:04,fox
LGNPN,LGNP074,23/4/21 7:04,fox
LGNPN,LGNP074,23/4/21 7:04,fox
LGNPN,LGNP074,23/4/21 7:04,fox
LGNPN,LGNP074,23/4/21 7:04,fox
LGNPN,LGNP074,23/4/21 7:04,fox
LGNPN,LGNP074,27/4/21 5:12,fox
LGNPN,LGNP074,27/4/21 5:12,fox
LGNPN,LGNP074,27/4/21 5:12,fox
LGNPN,LGNP074,27/4/21 5:12,fox
LGNPN,LGNP074,27/4/21 5:12,fox
LGNPN,LGNP074,27/4/21 5:12,fox
LGNPN,LGNP074,27/4/21 5:12,fox
LGNPN,LGNP074,27/4/21 5:12,fox
LGNPN,LGNP074,27/4/21 5:12,fox
LGNPN,LGNP074,27/4/21 5:12,fox
LGNPN,LGNP074,30/4/21 21:39,fox
LGNPN,LGNP074,30/4/21 21:39,fox
LGNPN,LGNP074,30/4/21 21:39,fox
LGNPN,LGNP074,30/4/21 21:39,fox
LGNPN,LGNP074,30/4/21 21:39,fox
LGNPN,LGNP074,30/4/21 21:39,fox
LGNPN,LGNP074,30/4/21 21:39,fox
LGNPN,LGNP074,30/4/21 21:39,fox
LGNPN,LGNP074,30/4/21 21:39,fox
LGNPN,LGNP074,30/4/21 21:39,fox
LGNPN,LGNP075,3/4/21 5:13,fox
LGNPN,LGNP075,3/4/21 5:13,fox
LGNPN,LGNP075,3/4/21 5:13,fox
LGNPN,LGNP075,3/4/21 5:13,fox
LGNPN,LGNP075,3/4/21 5:13,fox
LGNPN,LGNP075,3/4/21 5:13,fox
LGNPN,LGNP075,3/4/21 5:13,fox
LGNPN,LGNP075,3/4/21 5:13,fox
LGNPN,LGNP075,3/4/21 5:13,fox
LGNPN,LGNP075,3/4/21 5:13,fox
LGNPN,LGNP075,12/4/21 20:43,fox
LGNPN,LGNP075,12/4/21 20:43,fox
LGNPN,LGNP075,12/4/21 20:43,fox
LGNPN,LGNP075,12/4/21 20:43,fox
LGNPN,LGNP075,12/4/21 20:43,fox
LGNPN,LGNP075,12/4/21 20:43,fox
LGNPN,LGNP075,12/4/21 20:43,fox
LGNPN,LGNP075,12/4/21 20:43,fox
LGNPN,LGNP075,12/4/21 20:43,fox
LGNPN,LGNP075,12/4/21 20:43,fox
LGNPN,LGNP075,12/4/21 20:44,fox
LGNPN,LGNP075,12/4/21 20:44,fox
LGNPN,LGNP075,12/4/21 20:44,fox
LGNPN,LGNP075,12/4/21 20:44,fox
LGNPN,LGNP075,12/4/21 20:44,fox
LGNPN,LGNP075,7/5/21 6:34,fox
LGNPN,LGNP075,7/5/21 6:34,fox
LGNPN,LGNP075,7/5/21 6:34,fox
LGNPN,LGNP075,7/5/21 6:34,fox
LGNPN,LGNP075,7/5/21 6:34,fox
LGNPN,LGNP075,7/5/21 6:34,fox
LGNPN,LGNP075,7/5/21 6:34,fox
LGNPN,LGNP075,7/5/21 6:34,fox
LGNPN,LGNP075,7/5/21 6:34,fox
LGNPN,LGNP075,7/5/21 6:34,fox
LGNPN,LGNP075,9/5/21 2:42,fox
LGNPN,LGNP075,9/5/21 2:42,fox
LGNPN,LGNP075,9/5/21 2:42,fox
LGNPN,LGNP075,9/5/21 2:42,fox
LGNPN,LGNP075,9/5/21 2:42,fox
LGNPN,LGNP075,9/5/21 2:42,fox
LGNPN,LGNP075,9/5/21 2:42,fox
LGNPN,LGNP075,9/5/21 2:42,fox
LGNPN,LGNP075,9/5/21 2:42,fox
LGNPN,LGNP075,9/5/21 2:42,fox
LGNPN,LGNP075,9/5/21 2:42,fox
LGNPN,LGNP075,9/5/21 2:42,fox
LGNPN,LGNP075,9/5/21 2:42,fox
LGNPN,LGNP075,9/5/21 2:42,fox
LGNPN,LGNP075,9/5/21 2:42,fox
LGNPN,LGNP075,9/5/21 2:42,fox
LGNPN,LGNP075,9/5/21 2:42,fox
LGNPN,LGNP075,9/5/21 2:42,fox
LGNPN,LGNP075,9/5/21 2:42,fox
LGNPN,LGNP075,9/5/21 2:42,fox
LGNPN,LGNP075,9/5/21 2:42,fox
LGNPN,LGNP075,9/5/21 2:42,fox
LGNPN,LGNP075,9/5/21 2:42,fox
LGNPN,LGNP075,9/5/21 2:42,fox
LGNPN,LGNP075,9/5/21 2:42,fox
LGNPN,LGNP075,9/5/21 2:42,fox
LGNPN,LGNP075,9/5/21 2:42,fox
LGNPN,LGNP075,9/5/21 2:42,fox
LGNPN,LGNP075,9/5/21 2:42,fox
LGNPN,LGNP075,9/5/21 2:42,fox
LGNPN,LGNP075,9/5/21 2:43,fox
LGNPN,LGNP075,9/5/21 2:43,fox
LGNPN,LGNP075,9/5/21 2:43,fox
LGNPN,LGNP075,9/5/21 2:43,fox
LGNPN,LGNP075,9/5/21 2:43,fox
LGNPN,LGNP075,9/5/21 2:43,fox
LGNPN,LGNP075,9/5/21 2:43,fox
LGNPN,LGNP075,9/5/21 2:43,fox
LGNPN,LGNP075,9/5/21 2:43,fox
LGNPN,LGNP075,9/5/21 2:43,fox
LGNPN,LGNP075,9/5/21 2:43,fox
LGNPN,LGNP075,9/5/21 2:43,fox
LGNPN,LGNP075,9/5/21 2:43,fox
LGNPN,LGNP075,9/5/21 2:43,fox
LGNPN,LGNP075,9/5/21 2:43,fox
LGNPN,LGNP075,9/5/21 2:43,fox
LGNPN,LGNP075,9/5/21 2:43,fox
LGNPN,LGNP075,9/5/21 2:43,fox
LGNPN,LGNP075,9/5/21 2:43,fox
LGNPN,LGNP075,9/5/21 2:43,fox
LGNPN,LGNP075,9/5/21 2:44,fox
LGNPN,LGNP075,9/5/21 2:44,fox
LGNPN,LGNP075,9/5/21 2:44,fox
LGNPN,LGNP075,9/5/21 2:44,fox
LGNPN,LGNP075,9/5/21 2:44,fox
LGNPN,LGNP075,9/5/21 2:44,fox
LGNPN,LGNP075,9/5/21 2:44,fox
LGNPN,LGNP075,9/5/21 2:44,fox
LGNPN,LGNP075,9/5/21 2:44,fox
LGNPN,LGNP075,9/5/21 2:44,fox
LGNPN,LGNP075,9/5/21 2:44,fox
LGNPN,LGNP075,9/5/21 2:44,fox
LGNPN,LGNP075,9/5/21 2:44,fox
LGNPN,LGNP075,9/5/21 2:44,fox
LGNPN,LGNP075,9/5/21 2:44,fox
LGNPN,LGNP075,9/5/21 2:44,fox
LGNPN,LGNP075,9/5/21 2:44,fox
LGNPN,LGNP075,9/5/21 2:44,fox
LGNPN,LGNP075,9/5/21 2:44,fox
LGNPN,LGNP075,9/5/21 2:44,fox
LGNPN,LGNP075,9/5/21 2:44,fox
LGNPN,LGNP075,9/5/21 2:44,fox
LGNPN,LGNP075,9/5/21 2:44,fox
LGNPN,LGNP075,9/5/21 2:44,fox
LGNPN,LGNP075,9/5/21 2:44,fox
LGNPN,LGNP075,9/5/21 2:44,fox
LGNPN,LGNP075,9/5/21 2:44,fox
LGNPN,LGNP075,9/5/21 2:44,fox
LGNPN,LGNP075,9/5/21 2:44,fox
LGNPN,LGNP075,9/5/21 2:44,fox
LGNPN,LGNP075,9/5/21 2:44,fox
LGNPN,LGNP075,9/5/21 2:44,fox
LGNPN,LGNP075,9/5/21 2:44,fox
LGNPN,LGNP075,9/5/21 2:44,fox
LGNPN,LGNP075,9/5/21 2:44,fox
LGNPN,LGNP075,9/5/21 2:45,fox
LGNPN,LGNP075,9/5/21 2:45,fox
LGNPN,LGNP075,9/5/21 2:45,fox
LGNPN,LGNP075,9/5/21 2:45,fox
LGNPN,LGNP075,9/5/21 2:45,fox
LGNPN,LGNP075,9/5/21 2:45,fox
LGNPN,LGNP075,9/5/21 2:45,fox
LGNPN,LGNP075,9/5/21 2:45,fox
LGNPN,LGNP075,9/5/21 2:45,fox
LGNPN,LGNP075,9/5/21 2:45,fox
LGNPN,LGNP075,9/5/21 22:29,fox
LGNPN,LGNP075,9/5/21 22:29,fox
LGNPN,LGNP075,9/5/21 22:29,fox
LGNPN,LGNP075,9/5/21 22:29,fox
LGNPN,LGNP075,9/5/21 22:29,fox
LGNPN,LGNP075,9/5/21 22:29,fox
LGNPN,LGNP075,9/5/21 22:29,fox
LGNPN,LGNP075,9/5/21 22:29,fox
LGNPN,LGNP075,9/5/21 22:29,fox
LGNPN,LGNP075,9/5/21 22:29,fox
LGNPN,LGNP075,9/5/21 22:32,fox
LGNPN,LGNP075,9/5/21 22:33,fox
LGNPN,LGNP075,9/5/21 22:33,fox
LGNPN,LGNP075,9/5/21 22:33,fox
LGNPN,LGNP075,9/5/21 22:33,fox
LGNPN,LGNP075,9/5/21 22:33,fox
LGNPN,LGNP075,9/5/21 22:33,fox
LGNPN,LGNP075,9/5/21 22:33,fox
LGNPN,LGNP075,9/5/21 22:33,fox
LGNPN,LGNP075,9/5/21 22:33,fox
LGNPN,LGNP076,31/3/21 2:39,fox
LGNPN,LGNP076,31/3/21 2:39,fox
LGNPN,LGNP076,31/3/21 2:39,fox
LGNPN,LGNP076,31/3/21 2:39,fox
LGNPN,LGNP076,31/3/21 2:39,fox
LGNPN,LGNP076,7/4/21 3:45,fox
LGNPN,LGNP076,7/4/21 3:45,fox
LGNPN,LGNP076,7/4/21 3:45,fox
LGNPN,LGNP076,7/4/21 3:45,fox
LGNPN,LGNP076,7/4/21 3:45,fox
LGNPN,LGNP076,9/4/21 6:12,fox
LGNPN,LGNP076,9/4/21 6:12,fox
LGNPN,LGNP076,9/4/21 6:12,fox
LGNPN,LGNP076,9/4/21 6:12,fox
LGNPN,LGNP076,9/4/21 6:12,fox
LGNPN,LGNP076,17/4/21 4:16,fox
LGNPN,LGNP076,17/4/21 4:16,fox
LGNPN,LGNP076,17/4/21 4:16,fox
LGNPN,LGNP076,17/4/21 4:16,fox
LGNPN,LGNP076,17/4/21 4:16,fox
LGNPN,LGNP076,17/4/21 4:16,fox
LGNPN,LGNP076,17/4/21 4:16,fox
LGNPN,LGNP076,17/4/21 4:16,fox
LGNPN,LGNP076,17/4/21 4:16,fox
LGNPN,LGNP076,17/4/21 4:16,fox
LGNPN,LGNP076,26/4/21 10:43,fox
LGNPN,LGNP076,26/4/21 10:43,fox
LGNPN,LGNP076,26/4/21 10:43,fox
LGNPN,LGNP076,26/4/21 10:43,fox
LGNPN,LGNP076,26/4/21 10:43,fox
LGNPN,LGNP076,26/4/21 10:43,fox
LGNPN,LGNP076,26/4/21 10:43,fox
LGNPN,LGNP076,26/4/21 10:43,fox
LGNPN,LGNP076,26/4/21 10:43,fox
LGNPN,LGNP076,26/4/21 10:43,fox
LGNPN,LGNP076,26/4/21 10:43,fox
LGNPN,LGNP076,26/4/21 10:43,fox
LGNPN,LGNP076,26/4/21 10:43,fox
LGNPN,LGNP076,26/4/21 10:43,fox
LGNPN,LGNP076,26/4/21 10:43,fox
LGNPN,LGNP076,26/4/21 10:43,fox
LGNPN,LGNP076,26/4/21 10:44,fox
LGNPN,LGNP076,26/4/21 10:44,fox
LGNPN,LGNP076,26/4/21 10:44,fox
LGNPN,LGNP076,26/4/21 10:44,fox
LGNPN,LGNP077,15/4/21 0:03,fox
LGNPN,LGNP077,15/4/21 0:03,fox
LGNPN,LGNP077,15/4/21 0:03,fox
LGNPN,LGNP077,15/4/21 0:03,fox
LGNPN,LGNP077,15/4/21 0:03,fox
LGNPN,LGNP077,15/4/21 0:03,fox
LGNPN,LGNP077,15/4/21 0:04,fox
LGNPN,LGNP077,15/4/21 0:04,fox
LGNPN,LGNP077,15/4/21 0:04,fox
LGNPN,LGNP077,15/4/21 0:04,fox
LGNPN,LGNP077,15/4/21 0:04,fox
LGNPN,LGNP077,15/4/21 0:04,fox
LGNPN,LGNP077,15/4/21 0:04,fox
LGNPN,LGNP077,15/4/21 0:04,fox
LGNPN,LGNP077,15/4/21 0:04,fox
LGNPN,LGNP077,15/4/21 0:04,fox
LGNPN,LGNP077,15/4/21 0:04,fox
LGNPN,LGNP077,15/4/21 0:04,fox
LGNPN,LGNP077,15/4/21 0:04,fox
LGNPN,LGNP077,15/4/21 0:04,fox
LGNPN,LGNP077,15/4/21 0:04,fox
LGNPN,LGNP077,15/4/21 0:04,fox
LGNPN,LGNP077,15/4/21 0:04,fox
LGNPN,LGNP077,15/4/21 0:04,fox
LGNPN,LGNP077,15/4/21 0:04,fox
LGNPN,LGNP077,15/4/21 0:04,fox
LGNPN,LGNP077,15/4/21 0:04,fox
LGNPN,LGNP077,15/4/21 0:04,fox
LGNPN,LGNP077,15/4/21 0:04,fox
LGNPN,LGNP077,15/4/21 0:04,fox
LGNPN,LGNP077,15/4/21 0:05,fox
LGNPN,LGNP077,15/4/21 0:05,fox
LGNPN,LGNP077,15/4/21 0:05,fox
LGNPN,LGNP077,15/4/21 0:05,fox
LGNPN,LGNP077,15/4/21 0:05,fox
LGNPN,LGNP077,15/4/21 0:05,fox
LGNPN,LGNP077,15/4/21 0:05,fox
LGNPN,LGNP077,15/4/21 0:05,fox
LGNPN,LGNP077,15/4/21 0:05,fox
LGNPN,LGNP077,15/4/21 0:05,fox
LGNPN,LGNP077,15/4/21 0:05,fox
LGNPN,LGNP077,15/4/21 0:05,fox
LGNPN,LGNP077,15/4/21 0:05,fox
LGNPN,LGNP077,15/4/21 0:05,fox
LGNPN,LGNP077,15/4/21 0:05,fox
LGNPN,LGNP077,15/4/21 0:05,fox
LGNPN,LGNP077,15/4/21 0:05,fox
LGNPN,LGNP077,15/4/21 0:05,fox
LGNPN,LGNP077,15/4/21 0:05,fox
LGNPN,LGNP077,15/4/21 0:05,fox
LGNPN,LGNP077,15/4/21 0:06,fox
LGNPN,LGNP077,15/4/21 0:06,fox
LGNPN,LGNP077,15/4/21 0:06,fox
LGNPN,LGNP077,15/4/21 0:06,fox
LGNPN,LGNP077,15/4/21 0:06,fox
LGNPN,LGNP077,25/4/21 17:07,fox
LGNPN,LGNP077,25/4/21 17:07,fox
LGNPN,LGNP077,25/4/21 17:07,fox
LGNPN,LGNP077,25/4/21 17:07,fox
LGNPN,LGNP077,25/4/21 17:07,fox
LGNPN,LGNP077,28/4/21 5:14,fox
LGNPN,LGNP077,28/4/21 5:14,fox
LGNPN,LGNP077,28/4/21 5:14,fox
LGNPN,LGNP077,28/4/21 5:14,fox
LGNPN,LGNP077,28/4/21 5:14,fox
LGNPN,LGNP077,28/4/21 5:14,fox
LGNPN,LGNP077,28/4/21 5:14,fox
LGNPN,LGNP077,28/4/21 5:14,fox
LGNPN,LGNP077,28/4/21 5:14,fox
LGNPN,LGNP077,28/4/21 5:14,fox
LGNPN,LGNP077,28/4/21 5:16,fox
LGNPN,LGNP077,28/4/21 5:16,fox
LGNPN,LGNP077,28/4/21 5:16,fox
LGNPN,LGNP077,28/4/21 5:16,fox
LGNPN,LGNP077,28/4/21 5:16,fox
LGNPN,LGNP078,24/4/21 20:50,fox
LGNPN,LGNP078,24/4/21 20:50,fox
LGNPN,LGNP078,24/4/21 20:50,fox
LGNPN,LGNP078,24/4/21 20:50,fox
LGNPN,LGNP078,24/4/21 20:50,fox
LGNPN,LGNP078,24/4/21 20:50,fox
LGNPN,LGNP078,24/4/21 20:50,fox
LGNPN,LGNP078,24/4/21 20:50,fox
LGNPN,LGNP078,24/4/21 20:50,fox
LGNPN,LGNP078,24/4/21 20:50,fox
LGNPN,LGNP078,24/4/21 20:50,fox
LGNPN,LGNP078,24/4/21 20:50,fox
LGNPN,LGNP078,24/4/21 20:50,fox
LGNPN,LGNP078,24/4/21 20:50,fox
LGNPN,LGNP078,24/4/21 20:50,fox
LGNPN,LGNP078,24/4/21 20:51,fox
LGNPN,LGNP078,24/4/21 20:51,fox
LGNPN,LGNP078,24/4/21 20:51,fox
LGNPN,LGNP078,24/4/21 20:51,fox
LGNPN,LGNP078,24/4/21 20:51,fox
LGNPN,LGNP078,24/4/21 20:52,fox
LGNPN,LGNP078,24/4/21 20:52,fox
LGNPN,LGNP078,24/4/21 20:52,fox
LGNPN,LGNP078,24/4/21 20:52,fox
LGNPN,LGNP078,24/4/21 20:52,fox
LGNPN,LGNP078,30/4/21 22:48,fox
LGNPN,LGNP078,30/4/21 22:48,fox
LGNPN,LGNP078,30/4/21 22:48,fox
LGNPN,LGNP078,30/4/21 22:48,fox
LGNPN,LGNP078,30/4/21 22:48,fox
LGNPN,LGNP078,30/4/21 22:48,fox
LGNPN,LGNP078,30/4/21 22:48,fox
LGNPN,LGNP078,30/4/21 22:48,fox
LGNPN,LGNP078,30/4/21 22:48,fox
LGNPN,LGNP078,30/4/21 22:48,fox
LGNPN,LGNP079,11/4/21 13:01,fox
LGNPN,LGNP079,11/4/21 13:01,fox
LGNPN,LGNP079,11/4/21 13:02,fox
LGNPN,LGNP079,11/4/21 13:02,fox
LGNPN,LGNP079,11/4/21 13:02,fox
LGNPN,LGNP079,11/4/21 13:02,fox
LGNPN,LGNP079,11/4/21 13:02,fox
LGNPN,LGNP079,11/4/21 13:02,fox
LGNPN,LGNP079,11/4/21 13:02,fox
LGNPN,LGNP079,11/4/21 13:02,fox
LGNPN,LGNP079,12/4/21 6:02,fox
LGNPN,LGNP079,12/4/21 6:02,fox
LGNPN,LGNP079,12/4/21 6:03,fox
LGNPN,LGNP079,12/4/21 6:03,fox
LGNPN,LGNP079,12/4/21 6:03,fox
LGNPN,LGNP081,21/4/21 19:41,fox
LGNPN,LGNP081,21/4/21 19:41,fox
LGNPN,LGNP081,21/4/21 19:41,fox
LGNPN,LGNP081,21/4/21 19:41,fox
LGNPN,LGNP081,21/4/21 19:41,fox
LGNPN,LGNP084,3/4/21 23:45,fox
LGNPN,LGNP084,3/4/21 23:45,fox
LGNPN,LGNP084,3/4/21 23:45,fox
LGNPN,LGNP084,3/4/21 23:45,fox
LGNPN,LGNP084,3/4/21 23:45,fox
LGNPN,LGNP084,3/4/21 23:45,fox
LGNPN,LGNP084,3/4/21 23:45,fox
LGNPN,LGNP084,3/4/21 23:45,fox
LGNPN,LGNP084,3/4/21 23:45,fox
LGNPN,LGNP084,3/4/21 23:45,fox
LGNPN,LGNP084,3/4/21 23:46,fox
LGNPN,LGNP084,3/4/21 23:46,fox
LGNPN,LGNP084,3/4/21 23:46,fox
LGNPN,LGNP084,3/4/21 23:46,fox
LGNPN,LGNP084,3/4/21 23:46,fox
LGNPN,LGNP084,3/4/21 23:46,fox
LGNPN,LGNP084,3/4/21 23:46,fox
LGNPN,LGNP084,3/4/21 23:46,fox
LGNPN,LGNP084,3/4/21 23:46,fox
LGNPN,LGNP084,3/4/21 23:46,fox
LGNPN,LGNP084,6/4/21 6:09,fox
LGNPN,LGNP084,6/4/21 6:09,fox
LGNPN,LGNP084,6/4/21 6:09,fox
LGNPN,LGNP084,6/4/21 6:09,fox
LGNPN,LGNP084,6/4/21 6:09,fox
LGNPN,LGNP084,7/4/21 5:12,fox
LGNPN,LGNP084,7/4/21 5:12,fox
LGNPN,LGNP084,7/4/21 5:12,fox
LGNPN,LGNP084,7/4/21 5:12,fox
LGNPN,LGNP084,7/4/21 5:12,fox
LGNPN,LGNP084,8/4/21 5:43,fox
LGNPN,LGNP084,8/4/21 5:43,fox
LGNPN,LGNP084,8/4/21 5:43,fox
LGNPN,LGNP084,8/4/21 5:43,fox
LGNPN,LGNP084,8/4/21 5:43,fox
LGNPN,LGNP084,16/4/21 6:59,fox
LGNPN,LGNP084,16/4/21 6:59,fox
LGNPN,LGNP084,16/4/21 6:59,fox
LGNPN,LGNP084,16/4/21 6:59,fox
LGNPN,LGNP084,16/4/21 6:59,fox
LGNPN,LGNP085,21/4/21 7:32,fox
LGNPN,LGNP085,21/4/21 7:32,fox
LGNPN,LGNP085,21/4/21 7:32,fox
LGNPN,LGNP085,21/4/21 7:32,fox
LGNPN,LGNP085,21/4/21 7:32,fox
LGNPN,LGNP085,21/4/21 7:32,fox
LGNPN,LGNP085,21/4/21 7:32,fox
LGNPN,LGNP085,21/4/21 7:32,fox
LGNPN,LGNP085,21/4/21 7:32,fox
LGNPN,LGNP085,21/4/21 7:32,fox
LGNPN,LGNP086,28/4/21 17:25,fox
LGNPN,LGNP086,28/4/21 17:25,fox
LGNPN,LGNP086,28/4/21 17:25,fox
LGNPN,LGNP086,28/4/21 17:25,fox
LGNPN,LGNP086,28/4/21 17:25,fox
LGNPN,LGNP087,13/4/21 19:37,fox
LGNPN,LGNP087,13/4/21 19:37,fox
LGNPN,LGNP087,13/4/21 19:37,fox
LGNPN,LGNP087,13/4/21 19:37,fox
LGNPN,LGNP087,13/4/21 19:37,fox
LGNPN,LGNP090,1/4/21 22:20,fox
LGNPN,LGNP090,1/4/21 22:20,fox
LGNPN,LGNP090,1/4/21 22:20,fox
LGNPN,LGNP090,1/4/21 22:20,fox
LGNPN,LGNP090,1/4/21 22:20,fox
LGNPN,LGNP090,1/4/21 22:20,fox
LGNPN,LGNP090,1/4/21 22:20,fox
LGNPN,LGNP090,1/4/21 22:20,fox
LGNPN,LGNP090,1/4/21 22:20,fox
LGNPN,LGNP090,1/4/21 22:21,fox
LGNPN,LGNP090,1/4/21 22:22,fox
LGNPN,LGNP090,1/4/21 22:22,fox
LGNPN,LGNP090,1/4/21 22:22,fox
LGNPN,LGNP090,1/4/21 22:22,fox
LGNPN,LGNP090,1/4/21 22:22,fox
LGNPN,LGNP090,1/4/21 22:25,fox
LGNPN,LGNP090,1/4/21 22:25,fox
LGNPN,LGNP090,1/4/21 22:25,fox
LGNPN,LGNP090,1/4/21 22:25,fox
LGNPN,LGNP090,1/4/21 22:25,fox
LGNPN,LGNP090,1/4/21 22:28,fox
LGNPN,LGNP090,1/4/21 22:28,fox
LGNPN,LGNP090,1/4/21 22:28,fox
LGNPN,LGNP090,1/4/21 22:28,fox
LGNPN,LGNP090,1/4/21 22:28,fox
LGNPN,LGNP090,1/4/21 22:28,fox
LGNPN,LGNP090,1/4/21 22:28,fox
LGNPN,LGNP090,1/4/21 22:28,fox
LGNPN,LGNP090,1/4/21 22:28,fox
LGNPN,LGNP090,1/4/21 22:28,fox
LGNPN,LGNP090,1/4/21 22:30,fox
LGNPN,LGNP090,1/4/21 22:30,fox
LGNPN,LGNP090,1/4/21 22:30,fox
LGNPN,LGNP090,1/4/21 22:30,fox
LGNPN,LGNP090,1/4/21 22:30,fox
LGNPN,LGNP090,1/4/21 22:34,fox
LGNPN,LGNP090,1/4/21 22:34,fox
LGNPN,LGNP090,1/4/21 22:34,fox
LGNPN,LGNP090,1/4/21 22:34,fox
LGNPN,LGNP090,1/4/21 22:34,fox
LGNPN,LGNP090,1/4/21 22:34,fox
LGNPN,LGNP090,1/4/21 22:34,fox
LGNPN,LGNP090,1/4/21 22:34,fox
LGNPN,LGNP090,1/4/21 22:34,fox
LGNPN,LGNP090,1/4/21 22:34,fox
LGNPN,LGNP090,1/4/21 22:34,fox
LGNPN,LGNP090,1/4/21 22:34,fox
LGNPN,LGNP090,1/4/21 22:34,fox
LGNPN,LGNP090,1/4/21 22:34,fox
LGNPN,LGNP090,1/4/21 22:34,fox
LGNPN,LGNP090,1/4/21 22:35,fox
LGNPN,LGNP090,1/4/21 22:35,fox
LGNPN,LGNP090,1/4/21 22:35,fox
LGNPN,LGNP090,1/4/21 22:35,fox
LGNPN,LGNP090,1/4/21 22:35,fox
LGNPN,LGNP090,2/4/21 0:11,fox
LGNPN,LGNP090,2/4/21 0:11,fox
LGNPN,LGNP090,2/4/21 0:11,fox
LGNPN,LGNP090,2/4/21 0:11,fox
LGNPN,LGNP090,2/4/21 0:11,fox
LGNPN,LGNP090,5/4/21 14:38,fox
LGNPN,LGNP090,5/4/21 14:38,fox
LGNPN,LGNP090,5/4/21 14:38,fox
LGNPN,LGNP090,5/4/21 14:38,fox
LGNPN,LGNP090,5/4/21 14:38,fox
LGNPN,LGNP090,5/4/21 14:39,fox
LGNPN,LGNP090,5/4/21 14:39,fox
LGNPN,LGNP090,5/4/21 14:39,fox
LGNPN,LGNP090,5/4/21 14:39,fox
LGNPN,LGNP090,5/4/21 14:39,fox
LGNPN,LGNP090,5/4/21 14:44,fox
LGNPN,LGNP090,5/4/21 14:44,fox
LGNPN,LGNP090,5/4/21 14:44,fox
LGNPN,LGNP090,5/4/21 14:44,fox
LGNPN,LGNP090,5/4/21 14:44,fox
LGNPN,LGNP090,5/4/21 14:46,fox
LGNPN,LGNP090,5/4/21 14:46,fox
LGNPN,LGNP090,5/4/21 14:47,fox
LGNPN,LGNP090,5/4/21 14:47,fox
LGNPN,LGNP090,5/4/21 14:47,fox
LGNPN,LGNP090,5/4/21 14:48,fox
LGNPN,LGNP090,5/4/21 14:48,fox
LGNPN,LGNP090,5/4/21 14:48,fox
LGNPN,LGNP090,5/4/21 14:48,fox
LGNPN,LGNP090,5/4/21 14:48,fox
LGNPN,LGNP090,8/4/21 6:06,fox
LGNPN,LGNP090,8/4/21 6:06,fox
LGNPN,LGNP090,8/4/21 6:06,fox
LGNPN,LGNP090,8/4/21 6:06,fox
LGNPN,LGNP090,8/4/21 6:06,fox
LGNPN,LGNP090,8/4/21 6:07,fox
LGNPN,LGNP090,8/4/21 6:07,fox
LGNPN,LGNP090,8/4/21 6:07,fox
LGNPN,LGNP090,8/4/21 6:07,fox
LGNPN,LGNP090,8/4/21 6:07,fox
LGNPN,LGNP090,8/4/21 6:08,fox
LGNPN,LGNP090,8/4/21 6:08,fox
LGNPN,LGNP090,8/4/21 6:08,fox
LGNPN,LGNP090,8/4/21 6:08,fox
LGNPN,LGNP090,8/4/21 6:08,fox
LGNPN,LGNP090,8/4/21 6:08,fox
LGNPN,LGNP090,8/4/21 6:08,fox
LGNPN,LGNP090,8/4/21 6:08,fox
LGNPN,LGNP090,8/4/21 6:08,fox
LGNPN,LGNP090,8/4/21 6:08,fox
LGNPN,LGNP090,8/4/21 6:09,fox
LGNPN,LGNP090,8/4/21 6:09,fox
LGNPN,LGNP090,8/4/21 6:09,fox
LGNPN,LGNP090,8/4/21 6:09,fox
LGNPN,LGNP090,8/4/21 6:09,fox
LGNPN,LGNP090,8/4/21 6:09,fox
LGNPN,LGNP090,8/4/21 6:09,fox
LGNPN,LGNP090,8/4/21 6:09,fox
LGNPN,LGNP090,8/4/21 6:09,fox
LGNPN,LGNP090,8/4/21 6:09,fox
LGNPN,LGNP090,8/4/21 6:09,fox
LGNPN,LGNP090,8/4/21 6:09,fox
LGNPN,LGNP090,8/4/21 6:09,fox
LGNPN,LGNP090,8/4/21 6:09,fox
LGNPN,LGNP090,8/4/21 6:09,fox
LGNPN,LGNP090,8/4/21 6:09,fox
LGNPN,LGNP090,8/4/21 6:09,fox
LGNPN,LGNP090,8/4/21 6:09,fox
LGNPN,LGNP090,8/4/21 6:09,fox
LGNPN,LGNP090,8/4/21 6:10,fox
LGNPN,LGNP090,8/4/21 6:10,fox
LGNPN,LGNP090,8/4/21 6:10,fox
LGNPN,LGNP090,8/4/21 6:10,fox
LGNPN,LGNP090,8/4/21 6:10,fox
LGNPN,LGNP090,8/4/21 6:10,fox
LGNPN,LGNP090,8/4/21 6:10,fox
LGNPN,LGNP090,8/4/21 6:10,fox
LGNPN,LGNP090,8/4/21 6:10,fox
LGNPN,LGNP090,8/4/21 6:10,fox
LGNPN,LGNP090,8/4/21 6:10,fox
LGNPN,LGNP090,8/4/21 6:10,fox
LGNPN,LGNP090,8/4/21 6:10,fox
LGNPN,LGNP090,8/4/21 6:10,fox
LGNPN,LGNP090,8/4/21 6:10,fox
LGNPN,LGNP090,8/4/21 6:10,fox
LGNPN,LGNP090,8/4/21 6:10,fox
LGNPN,LGNP090,8/4/21 6:10,fox
LGNPN,LGNP090,8/4/21 6:10,fox
LGNPN,LGNP090,8/4/21 6:10,fox
LGNPN,LGNP090,8/4/21 6:10,fox
LGNPN,LGNP090,8/4/21 6:12,fox
LGNPN,LGNP090,8/4/21 6:12,fox
LGNPN,LGNP090,8/4/21 6:12,fox
LGNPN,LGNP090,8/4/21 6:12,fox
LGNPN,LGNP090,8/4/21 6:12,fox
LGNPN,LGNP090,8/4/21 6:12,fox
LGNPN,LGNP090,8/4/21 6:12,fox
LGNPN,LGNP090,8/4/21 6:12,fox
LGNPN,LGNP090,8/4/21 6:12,fox
LGNPN,LGNP090,8/4/21 6:12,fox
LGNPN,LGNP090,8/4/21 6:12,fox
LGNPN,LGNP090,8/4/21 6:12,fox
LGNPN,LGNP090,8/4/21 6:12,fox
LGNPN,LGNP090,8/4/21 6:12,fox
LGNPN,LGNP090,8/4/21 6:12,fox
LGNPN,LGNP090,8/4/21 6:12,fox
LGNPN,LGNP090,8/4/21 6:12,fox
LGNPN,LGNP090,8/4/21 6:12,fox
LGNPN,LGNP090,8/4/21 6:12,fox
LGNPN,LGNP090,8/4/21 6:12,fox
LGNPN,LGNP090,8/4/21 6:12,fox
LGNPN,LGNP090,8/4/21 6:12,fox
LGNPN,LGNP090,8/4/21 6:12,fox
LGNPN,LGNP090,8/4/21 6:12,fox
LGNPN,LGNP090,8/4/21 6:12,fox
LGNPN,LGNP090,8/4/21 6:13,fox
LGNPN,LGNP090,8/4/21 6:13,fox
LGNPN,LGNP090,8/4/21 6:13,fox
LGNPN,LGNP090,8/4/21 6:13,fox
LGNPN,LGNP090,8/4/21 6:13,fox
LGNPN,LGNP090,8/4/21 6:13,fox
LGNPN,LGNP090,8/4/21 6:13,fox
LGNPN,LGNP090,8/4/21 6:13,fox
LGNPN,LGNP090,8/4/21 6:13,fox
LGNPN,LGNP090,8/4/21 6:13,fox
LGNPN,LGNP090,8/4/21 6:13,fox
LGNPN,LGNP090,8/4/21 6:13,fox
LGNPN,LGNP090,8/4/21 6:13,fox
LGNPN,LGNP090,8/4/21 6:13,fox
LGNPN,LGNP090,8/4/21 6:13,fox
LGNPN,LGNP090,8/4/21 6:13,fox
LGNPN,LGNP090,8/4/21 6:13,fox
LGNPN,LGNP090,8/4/21 6:14,fox
LGNPN,LGNP090,8/4/21 6:14,fox
LGNPN,LGNP090,8/4/21 6:14,fox
LGNPN,LGNP090,8/4/21 6:14,fox
LGNPN,LGNP090,8/4/21 6:14,fox
LGNPN,LGNP090,8/4/21 6:14,fox
LGNPN,LGNP090,8/4/21 6:14,fox
LGNPN,LGNP090,8/4/21 6:14,fox
LGNPN,LGNP090,8/4/21 6:14,fox
LGNPN,LGNP090,8/4/21 6:14,fox
LGNPN,LGNP090,8/4/21 6:14,fox
LGNPN,LGNP090,8/4/21 6:14,fox
LGNPN,LGNP090,8/4/21 6:14,fox
LGNPN,LGNP090,8/4/21 6:14,fox
LGNPN,LGNP090,8/4/21 6:14,fox
LGNPN,LGNP090,8/4/21 6:14,fox
LGNPN,LGNP090,8/4/21 6:14,fox
LGNPN,LGNP090,8/4/21 6:14,fox
LGNPN,LGNP090,8/4/21 6:15,fox
LGNPN,LGNP090,8/4/21 6:15,fox
LGNPN,LGNP090,8/4/21 6:15,fox
LGNPN,LGNP090,8/4/21 6:15,fox
LGNPN,LGNP090,8/4/21 6:15,fox
LGNPN,LGNP090,8/4/21 6:15,fox
LGNPN,LGNP090,8/4/21 6:15,fox
LGNPN,LGNP090,8/4/21 6:15,fox
LGNPN,LGNP090,8/4/21 6:15,fox
LGNPN,LGNP090,8/4/21 6:15,fox
LGNPN,LGNP090,8/4/21 6:15,fox
LGNPN,LGNP090,8/4/21 6:15,fox
LGNPN,LGNP090,8/4/21 6:15,fox
LGNPN,LGNP090,8/4/21 6:15,fox
LGNPN,LGNP090,8/4/21 6:15,fox
LGNPN,LGNP090,8/4/21 6:15,fox
LGNPN,LGNP090,8/4/21 6:15,fox
LGNPN,LGNP090,8/4/21 6:15,fox
LGNPN,LGNP090,8/4/21 6:15,fox
LGNPN,LGNP090,8/4/21 6:15,fox
LGNPN,LGNP090,8/4/21 6:15,fox
LGNPN,LGNP090,8/4/21 6:15,fox
LGNPN,LGNP090,8/4/21 6:15,fox
LGNPN,LGNP090,8/4/21 6:15,fox
LGNPN,LGNP090,8/4/21 6:15,fox
LGNPN,LGNP090,8/4/21 6:15,fox
LGNPN,LGNP090,8/4/21 6:15,fox
LGNPN,LGNP090,8/4/21 6:15,fox
LGNPN,LGNP090,8/4/21 6:15,fox
LGNPN,LGNP090,8/4/21 6:15,fox
LGNPN,LGNP090,8/4/21 6:16,fox
LGNPN,LGNP090,8/4/21 6:16,fox
LGNPN,LGNP090,8/4/21 6:16,fox
LGNPN,LGNP090,8/4/21 6:16,fox
LGNPN,LGNP090,8/4/21 6:16,fox
LGNPN,LGNP090,8/4/21 6:17,fox
LGNPN,LGNP090,8/4/21 6:17,fox
LGNPN,LGNP090,8/4/21 6:17,fox
LGNPN,LGNP090,8/4/21 6:17,fox
LGNPN,LGNP090,8/4/21 6:17,fox
LGNPN,LGNP090,8/4/21 6:17,fox
LGNPN,LGNP090,8/4/21 6:17,fox
LGNPN,LGNP090,8/4/21 6:17,fox
LGNPN,LGNP090,8/4/21 6:17,fox
LGNPN,LGNP090,8/4/21 6:17,fox
LGNPN,LGNP090,8/4/21 6:18,fox
LGNPN,LGNP090,8/4/21 6:18,fox
LGNPN,LGNP090,8/4/21 6:18,fox
LGNPN,LGNP090,8/4/21 6:18,fox
LGNPN,LGNP090,8/4/21 6:18,fox
LGNPN,LGNP090,8/4/21 6:18,fox
LGNPN,LGNP090,8/4/21 6:18,fox
LGNPN,LGNP090,8/4/21 6:18,fox
LGNPN,LGNP090,8/4/21 6:18,fox
LGNPN,LGNP090,8/4/21 6:18,fox
LGNPN,LGNP090,8/4/21 6:19,fox
LGNPN,LGNP090,8/4/21 6:19,fox
LGNPN,LGNP090,8/4/21 6:19,fox
LGNPN,LGNP090,8/4/21 6:19,fox
LGNPN,LGNP090,8/4/21 6:19,fox
LGNPN,LGNP090,8/4/21 6:21,fox
LGNPN,LGNP090,8/4/21 6:21,fox
LGNPN,LGNP090,8/4/21 6:21,fox
LGNPN,LGNP090,8/4/21 6:21,fox
LGNPN,LGNP090,8/4/21 6:21,fox
LGNPN,LGNP090,8/4/21 6:21,fox
LGNPN,LGNP090,8/4/21 6:21,fox
LGNPN,LGNP090,8/4/21 6:21,fox
LGNPN,LGNP090,8/4/21 6:21,fox
LGNPN,LGNP090,8/4/21 6:21,fox
LGNPN,LGNP090,8/4/21 6:22,fox
LGNPN,LGNP090,8/4/21 6:22,fox
LGNPN,LGNP090,8/4/21 6:22,fox
LGNPN,LGNP090,8/4/21 6:22,fox
LGNPN,LGNP090,8/4/21 6:22,fox
LGNPN,LGNP090,8/4/21 6:22,fox
LGNPN,LGNP090,8/4/21 6:22,fox
LGNPN,LGNP090,8/4/21 6:22,fox
LGNPN,LGNP090,8/4/21 6:22,fox
LGNPN,LGNP090,8/4/21 6:22,fox
LGNPN,LGNP090,8/4/21 6:22,fox
LGNPN,LGNP090,8/4/21 6:22,fox
LGNPN,LGNP090,8/4/21 6:22,fox
LGNPN,LGNP090,8/4/21 6:22,fox
LGNPN,LGNP090,8/4/21 6:22,fox
LGNPN,LGNP090,9/4/21 3:29,fox
LGNPN,LGNP090,9/4/21 3:29,fox
LGNPN,LGNP090,9/4/21 3:29,fox
LGNPN,LGNP090,9/4/21 3:29,fox
LGNPN,LGNP090,9/4/21 3:29,fox
LGNPN,LGNP090,9/4/21 3:30,fox
LGNPN,LGNP090,9/4/21 3:30,fox
LGNPN,LGNP090,9/4/21 3:30,fox
LGNPN,LGNP090,9/4/21 3:30,fox
LGNPN,LGNP090,9/4/21 3:30,fox
LGNPN,LGNP090,9/4/21 3:30,fox
LGNPN,LGNP090,9/4/21 3:30,fox
LGNPN,LGNP090,9/4/21 3:30,fox
LGNPN,LGNP090,9/4/21 3:30,fox
LGNPN,LGNP090,9/4/21 3:30,fox
LGNPN,LGNP090,9/4/21 3:40,fox
LGNPN,LGNP090,9/4/21 3:40,fox
LGNPN,LGNP090,9/4/21 3:40,fox
LGNPN,LGNP090,9/4/21 3:40,fox
LGNPN,LGNP090,9/4/21 3:40,fox
LGNPN,LGNP090,12/4/21 22:19,fox
LGNPN,LGNP090,12/4/21 22:19,fox
LGNPN,LGNP090,12/4/21 22:19,fox
LGNPN,LGNP090,12/4/21 22:19,fox
LGNPN,LGNP090,12/4/21 22:19,fox
LGNPN,LGNP090,12/4/21 22:19,fox
LGNPN,LGNP090,12/4/21 22:19,fox
LGNPN,LGNP090,12/4/21 22:19,fox
LGNPN,LGNP090,12/4/21 22:19,fox
LGNPN,LGNP090,12/4/21 22:19,fox
LGNPN,LGNP090,12/4/21 22:19,fox
LGNPN,LGNP090,12/4/21 22:19,fox
LGNPN,LGNP090,12/4/21 22:19,fox
LGNPN,LGNP090,12/4/21 22:19,fox
LGNPN,LGNP090,12/4/21 22:19,fox
LGNPN,LGNP090,12/4/21 22:19,fox
LGNPN,LGNP090,12/4/21 22:19,fox
LGNPN,LGNP090,12/4/21 22:19,fox
LGNPN,LGNP090,12/4/21 22:19,fox
LGNPN,LGNP090,12/4/21 22:19,fox
LGNPN,LGNP094,2/5/21 7:20,fox
LGNPN,LGNP094,2/5/21 7:20,fox
LGNPN,LGNP094,2/5/21 7:20,fox
LGNPN,LGNP094,2/5/21 7:20,fox
LGNPN,LGNP094,2/5/21 7:20,fox
LGNPN,LGNP097,6/4/21 16:48,fox
LGNPN,LGNP097,6/4/21 16:48,fox
LGNPN,LGNP097,6/4/21 16:48,fox
LGNPN,LGNP097,6/4/21 16:48,fox
LGNPN,LGNP097,6/4/21 16:48,fox
LGNPN,LGNP098,9/4/21 20:22,fox
LGNPN,LGNP098,9/4/21 20:22,fox
LGNPN,LGNP098,9/4/21 20:22,fox
LGNPN,LGNP098,9/4/21 20:22,fox
LGNPN,LGNP098,9/4/21 20:22,fox
LGNPN,LGNP098,9/4/21 20:23,fox
LGNPN,LGNP098,9/4/21 20:23,fox
LGNPN,LGNP098,9/4/21 20:23,fox
LGNPN,LGNP098,9/4/21 20:23,fox
LGNPN,LGNP098,9/4/21 20:23,fox
LGNPN,LGNP098,10/4/21 15:28,fox
LGNPN,LGNP098,10/4/21 15:28,fox
LGNPN,LGNP098,10/4/21 15:28,fox
LGNPN,LGNP098,10/4/21 15:28,fox
LGNPN,LGNP098,10/4/21 15:28,fox
LGNPN,LGNP098,10/4/21 15:28,fox
LGNPN,LGNP098,10/4/21 15:28,fox
LGNPN,LGNP098,10/4/21 15:28,fox
LGNPN,LGNP098,10/4/21 15:28,fox
LGNPN,LGNP098,10/4/21 15:28,fox
LGNPN,LGNP098,10/4/21 15:28,fox
LGNPN,LGNP098,10/4/21 15:28,fox
LGNPN,LGNP098,10/4/21 15:28,fox
LGNPN,LGNP098,10/4/21 15:28,fox
LGNPN,LGNP098,10/4/21 15:28,fox
LGNPN,LGNP099,31/3/21 15:45,fox
LGNPN,LGNP099,31/3/21 15:45,fox
LGNPN,LGNP099,31/3/21 15:45,fox
LGNPN,LGNP099,31/3/21 15:45,fox
LGNPN,LGNP099,31/3/21 15:45,fox
LGNPN,LGNP099,31/3/21 15:48,fox
LGNPN,LGNP099,31/3/21 15:48,fox
LGNPN,LGNP099,31/3/21 15:48,fox
LGNPN,LGNP099,31/3/21 15:48,fox
LGNPN,LGNP099,31/3/21 15:48,fox
LGNPN,LGNP099,31/3/21 15:48,fox
LGNPN,LGNP099,31/3/21 15:48,fox
LGNPN,LGNP099,31/3/21 15:48,fox
LGNPN,LGNP099,31/3/21 15:48,fox
LGNPN,LGNP099,31/3/21 15:48,fox
LGNPN,LGNP099,31/3/21 15:49,fox
LGNPN,LGNP099,31/3/21 15:49,fox
LGNPN,LGNP099,31/3/21 15:49,fox
LGNPN,LGNP099,31/3/21 15:49,fox
LGNPN,LGNP099,31/3/21 15:49,fox
LGNPN,LGNP099,31/3/21 15:50,fox
LGNPN,LGNP099,31/3/21 15:50,fox
LGNPN,LGNP099,31/3/21 15:50,fox
LGNPN,LGNP099,31/3/21 15:50,fox
LGNPN,LGNP099,31/3/21 15:50,fox
LGNPN,LGNP099,31/3/21 15:50,fox
LGNPN,LGNP099,31/3/21 15:50,fox
LGNPN,LGNP099,31/3/21 15:50,fox
LGNPN,LGNP099,31/3/21 15:50,fox
LGNPN,LGNP099,31/3/21 15:50,fox
LGNPN,LGNP099,31/3/21 15:50,fox
LGNPN,LGNP099,31/3/21 15:50,fox
LGNPN,LGNP099,31/3/21 15:50,fox
LGNPN,LGNP099,31/3/21 15:50,fox
LGNPN,LGNP099,31/3/21 15:50,fox
LGNPN,LGNP099,31/3/21 15:51,fox
LGNPN,LGNP099,31/3/21 15:51,fox
LGNPN,LGNP099,31/3/21 15:51,fox
LGNPN,LGNP099,31/3/21 15:51,fox
LGNPN,LGNP099,31/3/21 15:51,fox
LGNPN,LGNP099,31/3/21 15:51,fox
LGNPN,LGNP099,31/3/21 15:51,fox
LGNPN,LGNP099,31/3/21 15:51,fox
LGNPN,LGNP099,31/3/21 15:51,fox
LGNPN,LGNP099,31/3/21 15:51,fox
LGNPN,LGNP099,31/3/21 15:51,fox
LGNPN,LGNP099,31/3/21 15:51,fox
LGNPN,LGNP099,31/3/21 15:51,fox
LGNPN,LGNP099,31/3/21 15:51,fox
LGNPN,LGNP099,31/3/21 15:51,fox
LGNPN,LGNP099,1/4/21 17:44,fox
LGNPN,LGNP099,1/4/21 17:45,fox
LGNPN,LGNP099,1/4/21 17:45,fox
LGNPN,LGNP099,1/4/21 17:45,fox
LGNPN,LGNP099,1/4/21 17:45,fox
LGNPN,LGNP099,3/4/21 20:48,fox
LGNPN,LGNP099,3/4/21 20:48,fox
LGNPN,LGNP099,3/4/21 20:48,fox
LGNPN,LGNP099,3/4/21 20:48,fox
LGNPN,LGNP099,3/4/21 20:48,fox
LGNPN,LGNP099,4/4/21 21:13,fox
LGNPN,LGNP099,4/4/21 21:13,fox
LGNPN,LGNP099,4/4/21 21:13,fox
LGNPN,LGNP099,4/4/21 21:13,fox
LGNPN,LGNP099,4/4/21 21:13,fox
LGNPN,LGNP099,10/4/21 21:43,fox
LGNPN,LGNP099,10/4/21 21:43,fox
LGNPN,LGNP099,10/4/21 21:43,fox
LGNPN,LGNP099,10/4/21 21:43,fox
LGNPN,LGNP099,10/4/21 21:43,fox
LGNPN,LGNP099,24/4/21 19:26,fox
LGNPN,LGNP099,24/4/21 19:26,fox
LGNPN,LGNP099,24/4/21 19:26,fox
LGNPN,LGNP099,24/4/21 19:26,fox
LGNPN,LGNP099,24/4/21 19:26,fox
LGNPN,LGNP099,24/4/21 19:26,fox
LGNPN,LGNP099,24/4/21 19:26,fox
LGNPN,LGNP099,24/4/21 19:26,fox
LGNPN,LGNP099,24/4/21 19:26,fox
LGNPN,LGNP099,24/4/21 19:26,fox
LGNPN,LGNP099,24/4/21 19:26,fox
LGNPN,LGNP099,24/4/21 19:26,fox
LGNPN,LGNP099,24/4/21 19:26,fox
LGNPN,LGNP099,24/4/21 19:26,fox
LGNPN,LGNP099,24/4/21 19:26,fox
LGNPN,LGNP099,24/4/21 19:26,fox
LGNPN,LGNP099,24/4/21 19:26,fox
LGNPN,LGNP099,24/4/21 19:26,fox
LGNPN,LGNP099,24/4/21 19:26,fox
LGNPN,LGNP099,24/4/21 19:26,fox
LGNPN,LGNP100,2/4/21 3:10,fox
LGNPN,LGNP100,2/4/21 3:10,fox
LGNPN,LGNP100,2/4/21 3:10,fox
LGNPN,LGNP100,2/4/21 3:10,fox
LGNPN,LGNP100,2/4/21 3:10,fox
LGNPN,LGNP100,2/4/21 3:10,fox
LGNPN,LGNP100,2/4/21 3:10,fox
LGNPN,LGNP100,2/4/21 3:10,fox
LGNPN,LGNP100,2/4/21 3:10,fox
LGNPN,LGNP100,2/4/21 3:10,fox
LGNPN,LGNP100,2/4/21 3:11,fox
LGNPN,LGNP100,2/4/21 3:11,fox
LGNPN,LGNP100,2/4/21 3:11,fox
LGNPN,LGNP100,2/4/21 3:11,fox
LGNPN,LGNP100,2/4/21 3:11,fox
LGNPN,LGNP100,2/4/21 3:11,fox
LGNPN,LGNP100,2/4/21 3:11,fox
LGNPN,LGNP100,2/4/21 3:11,fox
LGNPN,LGNP100,2/4/21 3:11,fox
LGNPN,LGNP100,2/4/21 3:11,fox
LGNPN,LGNP100,2/4/21 3:11,fox
LGNPN,LGNP100,2/4/21 3:11,fox
LGNPN,LGNP100,2/4/21 3:11,fox
LGNPN,LGNP100,2/4/21 3:11,fox
LGNPN,LGNP100,2/4/21 3:11,fox
LGNPN,LGNP100,2/4/21 3:11,fox
LGNPN,LGNP100,2/4/21 3:11,fox
LGNPN,LGNP100,2/4/21 3:11,fox
LGNPN,LGNP100,2/4/21 3:11,fox
LGNPN,LGNP100,2/4/21 3:11,fox
LGNPN,LGNP100,2/4/21 3:11,fox
LGNPN,LGNP100,2/4/21 3:11,fox
LGNPN,LGNP100,2/4/21 3:11,fox
LGNPN,LGNP100,2/4/21 3:11,fox
LGNPN,LGNP100,2/4/21 3:11,fox
LGNPN,LGNP100,2/4/21 3:11,fox
LGNPN,LGNP100,2/4/21 3:11,fox
LGNPN,LGNP100,2/4/21 3:11,fox
LGNPN,LGNP100,2/4/21 3:11,fox
LGNPN,LGNP100,2/4/21 3:11,fox
LGNPN,LGNP100,2/4/21 3:11,fox
LGNPN,LGNP100,2/4/21 3:12,fox
LGNPN,LGNP100,2/4/21 3:12,fox
LGNPN,LGNP100,2/4/21 3:12,fox
LGNPN,LGNP100,2/4/21 3:12,fox
LGNPN,LGNP100,2/4/21 3:12,fox
LGNPN,LGNP100,2/4/21 3:12,fox
LGNPN,LGNP100,2/4/21 3:12,fox
LGNPN,LGNP100,2/4/21 3:12,fox
LGNPN,LGNP100,2/4/21 3:12,fox
LGNPN,LGNP100,2/4/21 3:12,fox
LGNPN,LGNP100,2/4/21 3:12,fox
LGNPN,LGNP100,2/4/21 3:12,fox
LGNPN,LGNP100,2/4/21 3:12,fox
LGNPN,LGNP100,2/4/21 3:12,fox
LGNPN,LGNP100,2/4/21 3:12,fox
LGNPN,LGNP100,2/4/21 3:12,fox
LGNPN,LGNP100,2/4/21 3:12,fox
LGNPN,LGNP100,2/4/21 3:12,fox
LGNPN,LGNP100,2/4/21 3:12,fox
LGNPN,LGNP100,2/4/21 3:12,fox
LGNPN,LGNP100,2/4/21 3:12,fox
LGNPN,LGNP100,2/4/21 3:12,fox
LGNPN,LGNP100,2/4/21 3:12,fox
LGNPN,LGNP100,2/4/21 3:12,fox
LGNPN,LGNP100,2/4/21 3:12,fox
LGNPN,LGNP100,2/4/21 3:12,fox
LGNPN,LGNP100,2/4/21 3:12,fox
LGNPN,LGNP100,2/4/21 3:12,fox
LGNPN,LGNP100,2/4/21 3:12,fox
LGNPN,LGNP100,2/4/21 3:12,fox
LGNPN,LGNP100,2/4/21 3:12,fox
LGNPN,LGNP100,2/4/21 3:12,fox
LGNPN,LGNP100,2/4/21 3:12,fox
LGNPN,LGNP100,2/4/21 3:13,fox
LGNPN,LGNP100,9/4/21 11:53,fox
LGNPN,LGNP100,9/4/21 11:53,fox
LGNPN,LGNP100,9/4/21 11:53,fox
LGNPN,LGNP100,9/4/21 11:53,fox
LGNPN,LGNP100,9/4/21 11:53,fox
LGNPN,LGNP100,9/4/21 11:54,fox
LGNPN,LGNP100,9/4/21 11:54,fox
LGNPN,LGNP100,9/4/21 11:54,fox
LGNPN,LGNP100,9/4/21 11:54,fox
LGNPN,LGNP100,9/4/21 11:54,fox
LGNPN,LGNP100,9/4/21 11:54,fox
LGNPN,LGNP100,9/4/21 11:54,fox
LGNPN,LGNP100,9/4/21 11:54,fox
LGNPN,LGNP100,9/4/21 11:54,fox
LGNPN,LGNP100,9/4/21 11:54,fox
LGNPN,LGNP100,9/4/21 11:54,fox
LGNPN,LGNP100,9/4/21 11:54,fox
LGNPN,LGNP100,9/4/21 11:54,fox
LGNPN,LGNP100,9/4/21 11:54,fox
LGNPN,LGNP100,9/4/21 11:54,fox
LGNPN,LGNP100,9/4/21 11:54,fox
LGNPN,LGNP100,9/4/21 11:54,fox
LGNPN,LGNP100,9/4/21 11:54,fox
LGNPN,LGNP100,9/4/21 11:54,fox
LGNPN,LGNP100,9/4/21 11:54,fox
LGNPN,LGNP100,13/4/21 15:34,fox
LGNPN,LGNP100,13/4/21 15:34,fox
LGNPN,LGNP100,13/4/21 15:35,fox
LGNPN,LGNP100,13/4/21 15:35,fox
LGNPN,LGNP100,13/4/21 15:35,fox
LGNPN,LGNP101,27/4/21 21:51,fox
LGNPN,LGNP101,27/4/21 21:51,fox
LGNPN,LGNP101,27/4/21 21:51,fox
LGNPN,LGNP101,27/4/21 21:51,fox
LGNPN,LGNP101,27/4/21 21:51,fox
LGNPN,LGNP102,5/5/21 3:54,fox
LGNPN,LGNP102,5/5/21 3:54,fox
LGNPN,LGNP102,5/5/21 3:54,fox
LGNPN,LGNP102,5/5/21 3:54,fox
LGNPN,LGNP102,5/5/21 3:54,fox
LGNPN,LGNP102,5/5/21 3:54,fox
LGNPN,LGNP102,5/5/21 3:54,fox
LGNPN,LGNP102,5/5/21 3:54,fox
LGNPN,LGNP102,5/5/21 3:54,fox
LGNPN,LGNP102,5/5/21 3:54,fox
LGNPN,LGNP102,5/5/21 3:54,fox
LGNPN,LGNP102,5/5/21 3:54,fox
LGNPN,LGNP102,5/5/21 3:54,fox
LGNPN,LGNP102,5/5/21 3:54,fox
LGNPN,LGNP102,5/5/21 3:54,fox
LGNPN,LGNP102,5/5/21 3:55,fox
LGNPN,LGNP102,5/5/21 3:55,fox
LGNPN,LGNP102,5/5/21 3:55,fox
LGNPN,LGNP102,5/5/21 3:55,fox
LGNPN,LGNP102,5/5/21 3:55,fox
LGNPN,LGNP102,5/5/21 4:32,fox
LGNPN,LGNP102,5/5/21 4:32,fox
LGNPN,LGNP102,5/5/21 4:32,fox
LGNPN,LGNP102,5/5/21 4:32,fox
LGNPN,LGNP102,5/5/21 4:32,fox
LGNPN,LGNP103,26/4/21 19:32,fox
LGNPN,LGNP103,26/4/21 19:32,fox
LGNPN,LGNP103,26/4/21 19:32,fox
LGNPN,LGNP103,26/4/21 19:32,fox
LGNPN,LGNP103,26/4/21 19:32,fox
LGNPN,LGNP103,26/4/21 19:32,fox
LGNPN,LGNP103,26/4/21 19:32,fox
LGNPN,LGNP103,26/4/21 19:32,fox
LGNPN,LGNP103,26/4/21 19:32,fox
LGNPN,LGNP103,26/4/21 19:32,fox
LGNPN,LGNP103,26/4/21 19:33,fox
LGNPN,LGNP103,26/4/21 19:33,fox
LGNPN,LGNP103,26/4/21 19:33,fox
LGNPN,LGNP103,26/4/21 19:33,fox
LGNPN,LGNP103,26/4/21 19:33,fox
LGNPN,LGNP103,26/4/21 19:33,fox
LGNPN,LGNP103,26/4/21 19:33,fox
LGNPN,LGNP103,26/4/21 19:33,fox
LGNPN,LGNP103,26/4/21 19:33,fox
LGNPN,LGNP103,26/4/21 19:33,fox
LGNPN,LGNP103,30/4/21 19:50,fox
LGNPN,LGNP103,30/4/21 19:50,fox
LGNPN,LGNP103,30/4/21 19:50,fox
LGNPN,LGNP103,30/4/21 19:50,fox
LGNPN,LGNP103,30/4/21 19:50,fox
LGNPN,LGNP103,30/4/21 19:50,fox
LGNPN,LGNP103,30/4/21 19:50,fox
LGNPN,LGNP103,30/4/21 19:50,fox
LGNPN,LGNP103,30/4/21 19:50,fox
LGNPN,LGNP103,30/4/21 19:51,fox
LGNPN,LGNP103,30/4/21 19:51,fox
LGNPN,LGNP103,30/4/21 19:51,fox
LGNPN,LGNP103,30/4/21 19:51,fox
LGNPN,LGNP103,30/4/21 19:51,fox
LGNPN,LGNP103,30/4/21 19:51,fox
LGNPN,LGNP103,30/4/21 19:51,fox
LGNPN,LGNP103,30/4/21 19:51,fox
LGNPN,LGNP103,30/4/21 19:51,fox
LGNPN,LGNP103,30/4/21 19:51,fox
LGNPN,LGNP103,30/4/21 19:51,fox
LGNPN,LGNP103,30/4/21 19:51,fox
LGNPN,LGNP103,30/4/21 19:51,fox
LGNPN,LGNP103,30/4/21 19:51,fox
LGNPN,LGNP103,30/4/21 19:51,fox
LGNPN,LGNP103,30/4/21 19:51,fox
LGNPN,LGNP103,4/5/21 2:10,fox
LGNPN,LGNP103,4/5/21 2:10,fox
LGNPN,LGNP103,4/5/21 2:10,fox
LGNPN,LGNP103,4/5/21 2:10,fox
LGNPN,LGNP103,4/5/21 2:10,fox
LGNPN,LGNP103,6/5/21 6:17,fox
LGNPN,LGNP103,6/5/21 6:17,fox
LGNPN,LGNP103,6/5/21 6:17,fox
LGNPN,LGNP103,6/5/21 6:17,fox
LGNPN,LGNP103,6/5/21 6:18,fox
LGNPN,LGNP103,6/5/21 6:18,fox
LGNPN,LGNP103,6/5/21 6:18,fox
LGNPN,LGNP103,6/5/21 6:18,fox
LGNPN,LGNP103,6/5/21 6:18,fox
LGNPN,LGNP103,6/5/21 6:18,fox
LGNPN,LGNP103,6/5/21 6:18,fox
LGNPN,LGNP103,6/5/21 6:18,fox
LGNPN,LGNP103,6/5/21 6:18,fox
LGNPN,LGNP103,6/5/21 6:18,fox
LGNPN,LGNP103,6/5/21 6:18,fox
LGNPN,LGNP103,6/5/21 6:18,fox
LGNPN,LGNP103,6/5/21 6:18,fox
LGNPN,LGNP103,6/5/21 6:18,fox
LGNPN,LGNP103,6/5/21 6:18,fox
LGNPN,LGNP103,6/5/21 6:18,fox
LGNPN,LGNP103,10/5/21 19:49,fox
LGNPN,LGNP103,10/5/21 19:49,fox
LGNPN,LGNP103,10/5/21 19:49,fox
LGNPN,LGNP103,10/5/21 19:49,fox
LGNPN,LGNP103,10/5/21 19:49,fox
LGNPN,LGNP103,11/5/21 5:41,fox
LGNPN,LGNP103,11/5/21 5:41,fox
LGNPN,LGNP103,11/5/21 5:41,fox
LGNPN,LGNP103,11/5/21 5:41,fox
LGNPN,LGNP103,11/5/21 5:41,fox
LGNPN,LGNP106,2/4/21 9:24,fox
LGNPN,LGNP106,2/4/21 9:24,fox
LGNPN,LGNP106,2/4/21 9:24,fox
LGNPN,LGNP106,2/4/21 9:24,fox
LGNPN,LGNP106,2/4/21 9:24,fox
LGNPN,LGNP106,6/4/21 4:09,fox
LGNPN,LGNP106,6/4/21 4:09,fox
LGNPN,LGNP106,6/4/21 4:09,fox
LGNPN,LGNP106,6/4/21 4:09,fox
LGNPN,LGNP106,6/4/21 4:09,fox
LGNPN,LGNP112,9/4/21 20:22,fox
LGNPN,LGNP112,9/4/21 20:22,fox
LGNPN,LGNP112,9/4/21 20:22,fox
LGNPN,LGNP112,9/4/21 20:22,fox
LGNPN,LGNP112,9/4/21 20:22,fox
LGNPN,LGNP112,9/4/21 20:23,fox
LGNPN,LGNP112,9/4/21 20:23,fox
LGNPN,LGNP112,9/4/21 20:23,fox
LGNPN,LGNP112,9/4/21 20:23,fox
LGNPN,LGNP112,9/4/21 20:23,fox
LGNPN,LGNP112,10/4/21 15:28,fox
LGNPN,LGNP112,10/4/21 15:28,fox
LGNPN,LGNP112,10/4/21 15:28,fox
LGNPN,LGNP112,10/4/21 15:28,fox
LGNPN,LGNP112,10/4/21 15:28,fox
LGNPN,LGNP112,10/4/21 15:28,fox
LGNPN,LGNP112,10/4/21 15:28,fox
LGNPN,LGNP112,10/4/21 15:28,fox
LGNPN,LGNP112,10/4/21 15:28,fox
LGNPN,LGNP112,10/4/21 15:28,fox
LGNPN,LGNP112,10/4/21 15:28,fox
LGNPN,LGNP112,10/4/21 15:28,fox
LGNPN,LGNP112,10/4/21 15:28,fox
LGNPN,LGNP112,10/4/21 15:28,fox
LGNPN,LGNP112,10/4/21 15:28,fox